timestamp,event_type
1771260624.027873993,start_task_onset
1771260625.646162033,begin_click
1771260626.541728973,welcome_onset
1771260631.204198360,motor_response
1771260631.487772703,instruction_onset
1771260634.627894878,instruction_continue
1771260634.883261204,practice_fixation_onset
1771260635.408747673,practice_fixation_offset
1771260635.447284222,practice_image_onset
1771260636.965534449,practice_image_offset
1771260636.991092205,practice_fixation_onset
1771260637.515293837,practice_fixation_offset
1771260637.568794966,practice_image_onset
1771260639.083221674,practice_image_offset
1771260639.107791901,practice_fixation_onset
1771260639.632052422,practice_fixation_offset
1771260639.680787802,practice_image_onset
1771260641.198927164,practice_image_offset
1771260641.266730309,instruction_onset
1771260643.277227402,recognition_fixation_onset_trigger
1771260643.798054695,recognition_fixation_offset_trigger
1771260643.837615728,recognition_image_onset_trigger
1771260645.351683140,recognition_image_offset_trigger
1771260648.074503660,participant_commit_trigger
1771260648.117359400,outcome_trigger
1771260649.670150042,recognition_fixation_onset_trigger
1771260650.184318066,recognition_fixation_offset_trigger
1771260650.224514008,recognition_image_onset_trigger
1771260651.247368813,recognition_image_offset_trigger
1771260651.294336081,instruction_onset
1771260652.915418386,partner_rating_onset
1771260654.618168116,partner_slider_settled_trigger
1771260655.600297451,partner_rating_complete
1771260659.386597872,participant_commit_trigger
1771260659.426802158,outcome_trigger
1771260661.056725025,instruction_onset
1771260663.068177938,recognition_fixation_onset_trigger
1771260663.594065905,recognition_fixation_offset_trigger
1771260663.654743433,recognition_image_onset_trigger
1771260664.669411898,recognition_image_offset_trigger
1771260667.767545938,participant_commit_trigger
1771260667.862058401,partner_rating_onset
1771260669.583274841,partner_slider_settled_trigger
1771260670.579839230,partner_rating_complete
1771260671.302142859,switch_stay_trigger
1771260675.165323496,switch_stay_response_trigger
1771260675.258752346,outcome_trigger
1771260677.469633102,instruction_onset
1771260678.722318172,instruction_continue
1771260679.123668671,instruction_onset
1771260682.477176428,instruction_continue
1771260682.840888977,instruction_onset
1771260687.502022028,instruction_continue
1771260687.894656420,instruction_onset
1771260691.480885506,instruction_continue
1771260691.898840666,instruction_onset
1771260693.892215014,instruction_continue
1771260694.214884520,instruction_onset
1771260695.933076143,instruction_continue
1771260696.200320005,study_fixation_onset_trigger
1771260696.810730696,study_fixation_offset_trigger
1771260696.861894369,study_image_onset_trigger
1771260697.873598814,study_image_offset_trigger
1771260697.898579121,study_fixation_onset_trigger
1771260698.463757038,study_fixation_offset_trigger
1771260698.539399385,study_image_onset_trigger
1771260699.565587521,study_image_offset_trigger
1771260699.599400520,study_fixation_onset_trigger
1771260700.063798666,study_fixation_offset_trigger
1771260700.213328362,study_image_onset_trigger
1771260701.236605406,study_image_offset_trigger
1771260701.265971661,study_fixation_onset_trigger
1771260701.554411411,study_fixation_offset_trigger
1771260701.642139673,study_image_onset_trigger
1771260702.657159328,study_image_offset_trigger
1771260702.686733007,study_fixation_onset_trigger
1771260703.242399931,study_fixation_offset_trigger
1771260703.312198400,study_image_onset_trigger
1771260704.323753119,study_image_offset_trigger
1771260704.351297140,study_fixation_onset_trigger
1771260704.850100517,study_fixation_offset_trigger
1771260704.914387226,study_image_onset_trigger
1771260705.926562309,study_image_offset_trigger
1771260705.952977657,study_fixation_onset_trigger
1771260706.594505548,study_fixation_offset_trigger
1771260706.650065660,study_image_onset_trigger
1771260707.674328327,study_image_offset_trigger
1771260707.705297470,study_fixation_onset_trigger
1771260708.039854288,study_fixation_offset_trigger
1771260708.107490540,study_image_onset_trigger
1771260709.122202635,study_image_offset_trigger
1771260709.150027514,study_fixation_onset_trigger
1771260709.480025530,study_fixation_offset_trigger
1771260709.577765226,study_image_onset_trigger
1771260710.589534760,study_image_offset_trigger
1771260710.618329763,study_fixation_onset_trigger
1771260711.352298498,study_fixation_offset_trigger
1771260711.568391562,study_image_onset_trigger
1771260712.592982531,study_image_offset_trigger
1771260712.623808146,study_fixation_onset_trigger
1771260713.639852285,study_fixation_offset_trigger
1771260713.764199257,instruction_onset
1771260716.102914333,instruction_continue
1771260716.898828268,recognition_fixation_onset_trigger
1771260717.423298120,recognition_fixation_offset_trigger
1771260717.451229334,recognition_image_onset_trigger
1771260718.470415592,recognition_image_offset_trigger
1771260718.538144112,partner_rating_onset
1771260720.002757311,partner_slider_settled_trigger
1771260720.900660992,partner_rating_complete
1771260723.942470312,participant_commit_trigger
1771260724.146650314,switch_stay_trigger
1771260725.606950045,switch_stay_response_trigger
1771260725.703895807,outcome_trigger
1771260727.744536400,recognition_fixation_onset_trigger
1771260728.485744715,recognition_fixation_offset_trigger
1771260728.672169685,recognition_fixation_onset_trigger
1771260729.195869446,recognition_fixation_offset_trigger
1771260729.230840206,recognition_image_onset_trigger
1771260730.251994133,recognition_image_offset_trigger
1771260732.331395149,participant_commit_trigger
1771260732.465051651,partner_rating_onset
1771260734.093030453,partner_slider_settled_trigger
1771260735.098532677,partner_rating_complete
1771260735.792042255,switch_stay_trigger
1771260736.675457478,switch_stay_response_trigger
1771260736.812228680,outcome_trigger
1771260738.892565012,recognition_fixation_onset_trigger
1771260739.621409178,recognition_fixation_offset_trigger
1771260739.732493639,recognition_fixation_onset_trigger
1771260740.257308722,recognition_fixation_offset_trigger
1771260740.285865068,recognition_image_onset_trigger
1771260741.307899952,recognition_image_offset_trigger
1771260741.429246902,partner_rating_onset
1771260743.702765465,partner_slider_settled_trigger
1771260745.081103086,partner_rating_complete
1771260748.326025486,participant_commit_trigger
1771260748.527665854,switch_stay_trigger
1771260749.992115736,switch_stay_response_trigger
1771260750.083459616,outcome_trigger
1771260752.135857105,recognition_fixation_onset_trigger
1771260752.580555677,recognition_fixation_offset_trigger
1771260752.689286709,recognition_fixation_onset_trigger
1771260753.203225136,recognition_fixation_offset_trigger
1771260753.233848333,recognition_image_onset_trigger
1771260754.258393764,recognition_image_offset_trigger
1771260754.386521816,partner_rating_onset
1771260755.517570019,partner_slider_settled_trigger
1771260756.522231102,partner_rating_complete
1771260758.974953175,participant_commit_trigger
1771260759.152412653,switch_stay_trigger
1771260760.022215366,switch_stay_response_trigger
1771260760.113403320,outcome_trigger
1771260762.186731577,recognition_fixation_onset_trigger
1771260762.633917332,recognition_fixation_offset_trigger
1771260762.695747614,recognition_fixation_onset_trigger
1771260763.206820011,recognition_fixation_offset_trigger
1771260763.234308720,recognition_image_onset_trigger
1771260764.257858515,recognition_image_offset_trigger
1771260764.398925304,partner_rating_onset
1771260765.631042242,partner_slider_settled_trigger
1771260766.644850731,partner_rating_complete
1771260774.314701796,timeout_warning_onset
1771260775.840169907,timeout_warning_offset
1771260776.039811134,switch_stay_trigger
1771260783.147001266,timeout_warning_onset
1771260784.663418531,timeout_warning_offset
1771260784.727504492,outcome_trigger
1771260786.785795212,recognition_fixation_onset_trigger
1771260787.556621552,recognition_fixation_offset_trigger
1771260787.650321007,recognition_fixation_onset_trigger
1771260788.173629522,recognition_fixation_offset_trigger
1771260788.204691648,recognition_image_onset_trigger
1771260789.223683596,recognition_image_offset_trigger
1771260792.927551746,participant_commit_trigger
1771260793.047446251,partner_rating_onset
1771260794.155245304,partner_slider_settled_trigger
1771260795.171209812,partner_rating_complete
1771260795.858626127,switch_stay_trigger
1771260797.042346716,switch_stay_response_trigger
1771260797.165225506,outcome_trigger
1771260799.238914251,recognition_fixation_onset_trigger
1771260799.884339571,recognition_fixation_offset_trigger
1771260800.020232916,recognition_fixation_onset_trigger
1771260800.541260719,recognition_fixation_offset_trigger
1771260800.576493740,recognition_image_onset_trigger
1771260801.599113941,recognition_image_offset_trigger
1771260806.075434923,participant_commit_trigger
1771260806.193912029,partner_rating_onset
1771260807.735942841,partner_slider_settled_trigger
1771260808.738019943,partner_rating_complete
1771260809.446593046,switch_stay_trigger
1771260811.491077662,switch_stay_response_trigger
1771260811.588038683,outcome_trigger
1771260813.663949251,recognition_fixation_onset_trigger
1771260814.400455236,recognition_fixation_offset_trigger
1771260814.537633181,recognition_fixation_onset_trigger
1771260815.059752226,recognition_fixation_offset_trigger
1771260815.088101864,recognition_image_onset_trigger
1771260816.108975172,recognition_image_offset_trigger
1771260816.255437136,partner_rating_onset
1771260818.329826355,partner_slider_settled_trigger
1771260819.466350079,partner_rating_complete
1771260822.006595850,participant_commit_trigger
1771260822.219784737,switch_stay_trigger
1771260823.459501028,switch_stay_response_trigger
1771260823.571095705,outcome_trigger
1771260825.641449928,recognition_fixation_onset_trigger
1771260826.261700153,recognition_fixation_offset_trigger
1771260826.326391220,recognition_fixation_onset_trigger
1771260826.838807344,recognition_fixation_offset_trigger
1771260826.868029594,recognition_image_onset_trigger
1771260827.891816616,recognition_image_offset_trigger
1771260829.881260633,participant_commit_trigger
1771260830.003957033,partner_rating_onset
1771260831.471604586,partner_slider_settled_trigger
1771260832.437989712,partner_rating_complete
1771260833.131513596,switch_stay_trigger
1771260834.063373327,switch_stay_response_trigger
1771260834.168084145,outcome_trigger
1771260836.240597248,recognition_fixation_onset_trigger
1771260836.941694260,recognition_fixation_offset_trigger
1771260837.041004896,recognition_fixation_onset_trigger
1771260837.555451870,recognition_fixation_offset_trigger
1771260837.583896875,recognition_image_onset_trigger
1771260838.607436895,recognition_image_offset_trigger
1771260842.359262228,participant_commit_trigger
1771260842.486515999,partner_rating_onset
1771260844.815547466,partner_slider_settled_trigger
1771260846.051430941,partner_rating_complete
1771260846.732339621,switch_stay_trigger
1771260848.087973356,switch_stay_response_trigger
1771260848.242142200,outcome_trigger
1771260850.437312365,block_summary_onset
1771260853.261476278,block_summary_continue
1771260853.578062057,instruction_onset
1771260854.854509830,instruction_continue
1771260855.182897091,instruction_onset
1771260856.338459969,instruction_continue
1771260856.612786770,study_fixation_onset_trigger
1771260857.258031607,study_fixation_offset_trigger
1771260857.328317881,study_image_onset_trigger
1771260858.341618538,study_image_offset_trigger
1771260858.370086432,study_fixation_onset_trigger
1771260858.967570066,study_fixation_offset_trigger
1771260859.046204329,study_image_onset_trigger
1771260860.056355476,study_image_offset_trigger
1771260860.085354090,study_fixation_onset_trigger
1771260860.514482021,study_fixation_offset_trigger
1771260860.583249331,study_image_onset_trigger
1771260861.605703354,study_image_offset_trigger
1771260861.634291887,study_fixation_onset_trigger
1771260862.068770647,study_fixation_offset_trigger
1771260862.131719112,study_image_onset_trigger
1771260863.144151211,study_image_offset_trigger
1771260863.172145844,study_fixation_onset_trigger
1771260863.516683817,study_fixation_offset_trigger
1771260863.602870464,study_image_onset_trigger
1771260864.623487473,study_image_offset_trigger
1771260864.649889946,study_fixation_onset_trigger
1771260864.948044300,study_fixation_offset_trigger
1771260865.018753767,study_image_onset_trigger
1771260866.039697886,study_image_offset_trigger
1771260866.069394112,study_fixation_onset_trigger
1771260866.466187477,study_fixation_offset_trigger
1771260866.575552702,study_image_onset_trigger
1771260867.586206198,study_image_offset_trigger
1771260867.615398645,study_fixation_onset_trigger
1771260867.996989489,study_fixation_offset_trigger
1771260868.023532391,study_image_onset_trigger
1771260869.037401199,study_image_offset_trigger
1771260869.065793753,study_fixation_onset_trigger
1771260869.560606241,study_fixation_offset_trigger
1771260869.778683424,study_image_onset_trigger
1771260870.792164564,study_image_offset_trigger
1771260870.820140123,study_fixation_onset_trigger
1771260871.344397306,study_fixation_offset_trigger
1771260871.395312786,study_image_onset_trigger
1771260872.407109976,study_image_offset_trigger
1771260872.435572386,study_fixation_onset_trigger
1771260873.456453562,study_fixation_offset_trigger
1771260873.597302198,instruction_onset
1771260875.616596222,instruction_continue
1771260876.460535526,recognition_fixation_onset_trigger
1771260876.983120441,recognition_fixation_offset_trigger
1771260877.011871815,recognition_image_onset_trigger
1771260878.033875227,recognition_image_offset_trigger
1771260879.951930523,participant_commit_trigger
1771260880.071650982,partner_rating_onset
1771260881.065549374,partner_slider_settled_trigger
1771260882.071576118,partner_rating_complete
1771260882.744897127,switch_stay_trigger
1771260883.894008160,switch_stay_response_trigger
1771260883.966247320,outcome_trigger
1771260886.034580231,recognition_fixation_onset_trigger
1771260886.637655735,recognition_fixation_offset_trigger
1771260886.710103989,recognition_fixation_onset_trigger
1771260887.223502159,recognition_fixation_offset_trigger
1771260887.250525236,recognition_image_onset_trigger
1771260888.274308920,recognition_image_offset_trigger
1771260891.317036867,participant_commit_trigger
1771260891.441253424,partner_rating_onset
1771260893.054240704,partner_slider_settled_trigger
1771260894.049676895,partner_rating_complete
1771260894.736065388,switch_stay_trigger
1771260896.285502195,switch_stay_response_trigger
1771260896.375599861,outcome_trigger
1771260898.447786570,recognition_fixation_onset_trigger
1771260899.162477493,recognition_fixation_offset_trigger
1771260899.249194384,recognition_fixation_onset_trigger
1771260899.764050722,recognition_fixation_offset_trigger
1771260899.792087078,recognition_image_onset_trigger
1771260900.816087008,recognition_image_offset_trigger
1771260900.902423143,partner_rating_onset
1771260902.208082199,partner_slider_settled_trigger
1771260903.221200943,partner_rating_complete
1771260906.648024082,participant_commit_trigger
1771260906.852504730,switch_stay_trigger
1771260907.974379063,switch_stay_response_trigger
1771260908.056390762,outcome_trigger
1771260910.129497290,recognition_fixation_onset_trigger
1771260910.597661734,recognition_fixation_offset_trigger
1771260910.681607962,recognition_fixation_onset_trigger
1771260911.209629774,recognition_fixation_offset_trigger
1771260911.234143972,recognition_image_onset_trigger
1771260912.259526968,recognition_image_offset_trigger
1771260912.382519245,partner_rating_onset
1771260914.242354155,partner_slider_settled_trigger
1771260915.237642527,partner_rating_complete
1771260919.077107191,participant_commit_trigger
1771260919.234835863,switch_stay_trigger
1771260919.902180672,switch_stay_response_trigger
1771260919.968705893,outcome_trigger
1771260922.030707598,recognition_fixation_onset_trigger
1771260922.597076178,recognition_fixation_offset_trigger
1771260922.688420057,recognition_fixation_onset_trigger
1771260923.199294567,recognition_fixation_offset_trigger
1771260923.227610588,recognition_image_onset_trigger
1771260924.248682976,recognition_image_offset_trigger
1771260924.389338732,partner_rating_onset
1771260925.504406929,partner_slider_settled_trigger
1771260926.510933161,partner_rating_complete
1771260929.358488083,participant_commit_trigger
1771260929.485845089,switch_stay_trigger
1771260930.276074409,switch_stay_response_trigger
1771260930.340866327,outcome_trigger
1771260932.423602104,recognition_fixation_onset_trigger
1771260932.963939667,recognition_fixation_offset_trigger
1771260933.015676737,recognition_fixation_onset_trigger
1771260933.538594723,recognition_fixation_offset_trigger
1771260933.568101406,recognition_image_onset_trigger
1771260934.592157125,recognition_image_offset_trigger
1771260934.709065199,partner_rating_onset
1771260936.180418253,partner_slider_settled_trigger
1771260937.203288555,partner_rating_complete
1771260939.509161711,participant_commit_trigger
1771260939.718321562,switch_stay_trigger
1771260940.475857973,switch_stay_response_trigger
1771260940.575085878,outcome_trigger
1771260942.648890734,recognition_fixation_onset_trigger
1771260943.335604191,recognition_fixation_offset_trigger
1771260943.356612921,recognition_fixation_onset_trigger
1771260943.876557589,recognition_fixation_offset_trigger
1771260943.911192417,recognition_image_onset_trigger
1771260944.928444386,recognition_image_offset_trigger
1771260947.603951454,participant_commit_trigger
1771260947.698482752,partner_rating_onset
1771260950.019172192,partner_slider_settled_trigger
1771260951.286681890,partner_rating_complete
1771260951.983087540,switch_stay_trigger
1771260953.058588743,switch_stay_response_trigger
1771260953.169600964,outcome_trigger
1771260955.238523722,recognition_fixation_onset_trigger
1771260955.569885731,recognition_fixation_offset_trigger
1771260955.657817364,recognition_fixation_onset_trigger
1771260956.173428297,recognition_fixation_offset_trigger
1771260956.200093746,recognition_image_onset_trigger
1771260957.224092722,recognition_image_offset_trigger
1771260960.524377108,participant_commit_trigger
1771260960.611712217,partner_rating_onset
1771260962.033771515,partner_slider_settled_trigger
1771260963.035278797,partner_rating_complete
1771260963.728642464,switch_stay_trigger
1771260964.370835304,switch_stay_response_trigger
1771260964.479344606,outcome_trigger
1771260966.562649012,recognition_fixation_onset_trigger
1771260967.311572552,recognition_fixation_offset_trigger
1771260967.438680172,recognition_fixation_onset_trigger
1771260967.958777189,recognition_fixation_offset_trigger
1771260967.986322165,recognition_image_onset_trigger
1771260969.009195566,recognition_image_offset_trigger
1771260972.442013025,participant_commit_trigger
1771260972.567441702,partner_rating_onset
1771260974.460877657,partner_slider_settled_trigger
1771260975.484631300,partner_rating_complete
1771260976.166512012,switch_stay_trigger
1771260977.345432758,switch_stay_response_trigger
1771260977.419562101,outcome_trigger
1771260979.483910799,recognition_fixation_onset_trigger
1771260979.830013752,recognition_fixation_offset_trigger
1771260979.918411493,recognition_fixation_onset_trigger
1771260980.430391788,recognition_fixation_offset_trigger
1771260980.458705187,recognition_image_onset_trigger
1771260981.482999325,recognition_image_offset_trigger
1771260981.612212420,partner_rating_onset
1771260982.743772507,partner_slider_settled_trigger
1771260983.750672102,partner_rating_complete
1771260989.425085545,participant_commit_trigger
1771260989.620314121,switch_stay_trigger
1771260991.870438337,switch_stay_response_trigger
1771260991.984671116,outcome_trigger
1771260994.126956463,block_summary_onset
1771260996.607300520,block_summary_continue
1771260996.894304037,instruction_onset
1771260997.499171019,instruction_continue
1771260997.794446230,instruction_onset
1771260998.677334785,instruction_continue
1771260998.931261301,study_fixation_onset_trigger
1771260999.407217979,study_fixation_offset_trigger
1771260999.441475153,study_image_onset_trigger
1771261000.456605911,study_image_offset_trigger
1771261000.485851288,study_fixation_onset_trigger
1771261000.991607189,study_fixation_offset_trigger
1771261001.281907082,study_image_onset_trigger
1771261002.304556847,study_image_offset_trigger
1771261002.333340645,study_fixation_onset_trigger
1771261002.650542498,study_fixation_offset_trigger
1771261002.722221136,study_image_onset_trigger
1771261003.740105867,study_image_offset_trigger
1771261003.767345905,study_fixation_onset_trigger
1771261004.181767941,study_fixation_offset_trigger
1771261004.239443779,study_image_onset_trigger
1771261005.256327391,study_image_offset_trigger
1771261005.285231829,study_fixation_onset_trigger
1771261005.870876789,study_fixation_offset_trigger
1771261005.928945065,study_image_onset_trigger
1771261006.940078020,study_image_offset_trigger
1771261006.966027737,study_fixation_onset_trigger
1771261007.703092337,study_fixation_offset_trigger
1771261007.795047760,study_image_onset_trigger
1771261008.807507038,study_image_offset_trigger
1771261008.835381985,study_fixation_onset_trigger
1771261009.306454182,study_fixation_offset_trigger
1771261009.360390186,study_image_onset_trigger
1771261010.373203278,study_image_offset_trigger
1771261010.400556803,study_fixation_onset_trigger
1771261011.164715052,study_fixation_offset_trigger
1771261011.255856037,study_image_onset_trigger
1771261012.274099350,study_image_offset_trigger
1771261012.302179575,study_fixation_onset_trigger
1771261012.866701841,study_fixation_offset_trigger
1771261012.930892944,study_image_onset_trigger
1771261013.944960117,study_image_offset_trigger
1771261013.975893974,study_fixation_onset_trigger
1771261014.496233702,study_fixation_offset_trigger
1771261014.546077728,study_image_onset_trigger
1771261015.559974670,study_image_offset_trigger
1771261015.590138197,study_fixation_onset_trigger
1771261016.605017662,study_fixation_offset_trigger
1771261016.752709627,instruction_onset
1771261018.438700914,instruction_continue
1771261019.226859570,recognition_fixation_onset_trigger
1771261019.757562637,recognition_fixation_offset_trigger
1771261019.785022974,recognition_image_onset_trigger
1771261020.808813810,recognition_image_offset_trigger
1771261022.662646294,participant_commit_trigger
1771261022.792261124,partner_rating_onset
1771261024.054056644,partner_slider_settled_trigger
1771261025.060459852,partner_rating_complete
1771261025.737977266,switch_stay_trigger
1771261026.485801220,switch_stay_response_trigger
1771261026.590503693,outcome_trigger
1771261028.659323454,recognition_fixation_onset_trigger
1771261029.176636457,recognition_fixation_offset_trigger
1771261029.276788473,recognition_fixation_onset_trigger
1771261029.795780659,recognition_fixation_offset_trigger
1771261029.828365564,recognition_image_onset_trigger
1771261030.848904848,recognition_image_offset_trigger
1771261030.954817533,partner_rating_onset
1771261032.803506136,partner_slider_settled_trigger
1771261033.832758188,partner_rating_complete
1771261036.173007011,participant_commit_trigger
1771261036.357282400,switch_stay_trigger
1771261037.234769344,switch_stay_response_trigger
1771261037.345789194,outcome_trigger
1771261039.417764425,recognition_fixation_onset_trigger
1771261039.842518330,recognition_fixation_offset_trigger
1771261039.955105782,recognition_fixation_onset_trigger
1771261040.478252172,recognition_fixation_offset_trigger
1771261040.500334024,recognition_image_onset_trigger
1771261041.525202036,recognition_image_offset_trigger
1771261041.657047510,partner_rating_onset
1771261043.197992802,partner_slider_settled_trigger
1771261044.204409122,partner_rating_complete
1771261047.007592440,participant_commit_trigger
1771261047.173870564,switch_stay_trigger
1771261048.583623648,switch_stay_response_trigger
1771261048.675003767,outcome_trigger
1771261050.817955256,recognition_fixation_onset_trigger
1771261051.206758976,recognition_fixation_offset_trigger
1771261051.255875111,recognition_fixation_onset_trigger
1771261051.773216724,recognition_fixation_offset_trigger
1771261051.818014145,recognition_image_onset_trigger
1771261052.838941813,recognition_image_offset_trigger
1771261056.721791744,participant_commit_trigger
1771261056.871399641,partner_rating_onset
1771261058.181091547,partner_slider_settled_trigger
1771261059.191678524,partner_rating_complete
1771261059.873196363,switch_stay_trigger
1771261060.989330769,switch_stay_response_trigger
1771261061.088163853,outcome_trigger
1771261063.160491228,recognition_fixation_onset_trigger
1771261063.480203867,recognition_fixation_offset_trigger
1771261063.585775614,recognition_fixation_onset_trigger
1771261064.106194735,recognition_fixation_offset_trigger
1771261064.137591124,recognition_image_onset_trigger
1771261065.157283545,recognition_image_offset_trigger
1771261065.309985876,partner_rating_onset
1771261067.001769543,partner_slider_settled_trigger
1771261067.993014097,partner_rating_complete
1771261072.616847754,participant_commit_trigger
1771261072.813165426,switch_stay_trigger
1771261073.519818068,switch_stay_response_trigger
1771261073.630595684,outcome_trigger
1771261075.702516079,recognition_fixation_onset_trigger
1771261076.038832903,recognition_fixation_offset_trigger
1771261076.150489330,recognition_fixation_onset_trigger
1771261076.663897514,recognition_fixation_offset_trigger
1771261076.709176779,recognition_image_onset_trigger
1771261077.731369972,recognition_image_offset_trigger
1771261079.950979471,participant_commit_trigger
1771261080.092264175,partner_rating_onset
1771261081.333384037,partner_slider_settled_trigger
1771261082.334523678,partner_rating_complete
1771261083.025169134,switch_stay_trigger
1771261084.368769169,switch_stay_response_trigger
1771261084.465044260,outcome_trigger
1771261086.547321081,recognition_fixation_onset_trigger
1771261086.826942205,recognition_fixation_offset_trigger
1771261086.903531551,recognition_fixation_onset_trigger
1771261087.423465252,recognition_fixation_offset_trigger
1771261087.451769590,recognition_image_onset_trigger
1771261088.469220638,recognition_image_offset_trigger
1771261088.553702593,partner_rating_onset
1771261089.973264933,partner_slider_settled_trigger
1771261090.948220968,partner_rating_complete
1771261093.341824055,participant_commit_trigger
1771261093.577417374,switch_stay_trigger
1771261094.270765781,switch_stay_response_trigger
1771261094.371189833,outcome_trigger
1771261096.447065115,recognition_fixation_onset_trigger
1771261096.846012115,recognition_fixation_offset_trigger
1771261096.939452887,recognition_fixation_onset_trigger
1771261097.455864906,recognition_fixation_offset_trigger
1771261097.483995199,recognition_image_onset_trigger
1771261098.506927013,recognition_image_offset_trigger
1771261105.738412380,timeout_warning_onset
1771261107.261738539,timeout_warning_offset
1771261107.397630692,partner_rating_onset
1771261108.800804615,partner_slider_settled_trigger
1771261109.784627199,partner_rating_complete
1771261110.461261749,switch_stay_trigger
1771261111.771944761,switch_stay_response_trigger
1771261111.879937172,outcome_trigger
1771261113.956967354,recognition_fixation_onset_trigger
1771261114.569973946,recognition_fixation_offset_trigger
1771261114.623163223,recognition_fixation_onset_trigger
1771261115.148506880,recognition_fixation_offset_trigger
1771261115.176071644,recognition_image_onset_trigger
1771261116.198978901,recognition_image_offset_trigger
1771261117.010952711,participant_commit_trigger
1771261117.110830545,partner_rating_onset
1771261118.032310963,partner_slider_settled_trigger
1771261119.046192884,partner_rating_complete
1771261119.733412504,switch_stay_trigger
1771261121.009428024,switch_stay_response_trigger
1771261121.111586809,outcome_trigger
1771261123.189090967,recognition_fixation_onset_trigger
1771261123.811013937,recognition_fixation_offset_trigger
1771261123.868444920,recognition_fixation_onset_trigger
1771261124.381733418,recognition_fixation_offset_trigger
1771261124.409432411,recognition_image_onset_trigger
1771261125.427819967,recognition_image_offset_trigger
1771261125.511594772,partner_rating_onset
1771261126.878772020,partner_slider_settled_trigger
1771261127.771906853,partner_rating_complete
1771261130.902745008,participant_commit_trigger
1771261131.098530293,switch_stay_trigger
1771261131.936287165,switch_stay_response_trigger
1771261132.022574902,outcome_trigger
1771261134.150322199,block_summary_onset
1771261136.717199564,block_summary_continue
1771261137.078213215,instruction_onset
1771261137.988534451,instruction_continue
1771261138.415182114,instruction_onset
1771261140.945926905,instruction_continue
1771261141.246384859,instruction_onset
1771261142.374786854,instruction_continue
1771261142.633301497,study_fixation_onset_trigger
1771261143.368813753,study_fixation_offset_trigger
1771261143.423316479,study_image_onset_trigger
1771261144.440165281,study_image_offset_trigger
1771261144.468527079,study_fixation_onset_trigger
1771261144.989491463,study_fixation_offset_trigger
1771261145.171691895,study_image_onset_trigger
1771261146.193966389,study_image_offset_trigger
1771261146.224131823,study_fixation_onset_trigger
1771261146.630800486,study_fixation_offset_trigger
1771261146.715730667,study_image_onset_trigger
1771261147.737321138,study_image_offset_trigger
1771261147.765480757,study_fixation_onset_trigger
1771261148.426163435,study_fixation_offset_trigger
1771261148.499223709,study_image_onset_trigger
1771261149.524721384,study_image_offset_trigger
1771261149.553183794,study_fixation_onset_trigger
1771261149.920172453,study_fixation_offset_trigger
1771261149.984381437,study_image_onset_trigger
1771261151.008618593,study_image_offset_trigger
1771261151.032557726,study_fixation_onset_trigger
1771261151.584112644,study_fixation_offset_trigger
1771261151.640908957,study_image_onset_trigger
1771261152.657133818,study_image_offset_trigger
1771261152.684256554,study_fixation_onset_trigger
1771261153.357102156,study_fixation_offset_trigger
1771261153.427712440,study_image_onset_trigger
1771261154.441974163,study_image_offset_trigger
1771261154.470488787,study_fixation_onset_trigger
1771261154.910727262,study_fixation_offset_trigger
1771261154.984148502,study_image_onset_trigger
1771261156.008521795,study_image_offset_trigger
1771261156.035788536,study_fixation_onset_trigger
1771261156.772452354,study_fixation_offset_trigger
1771261156.826596498,study_image_onset_trigger
1771261157.839257002,study_image_offset_trigger
1771261157.866364479,study_fixation_onset_trigger
1771261158.461844206,study_fixation_offset_trigger
1771261158.607414722,study_image_onset_trigger
1771261159.630344152,study_image_offset_trigger
1771261159.666461468,study_fixation_onset_trigger
1771261160.688504219,study_fixation_offset_trigger
1771261160.814243555,instruction_onset
1771261162.166408777,instruction_continue
1771261162.967810392,recognition_fixation_onset_trigger
1771261163.493808985,recognition_fixation_offset_trigger
1771261163.524835587,recognition_image_onset_trigger
1771261164.549038649,recognition_image_offset_trigger
1771261164.717877150,partner_rating_onset
1771261166.435790777,partner_slider_settled_trigger
1771261167.429091692,partner_rating_complete
1771261169.904886246,participant_commit_trigger
1771261170.107452869,switch_stay_trigger
1771261170.666706800,switch_stay_response_trigger
1771261170.795115471,outcome_trigger
1771261172.869171858,recognition_fixation_onset_trigger
1771261173.180260420,recognition_fixation_offset_trigger
1771261173.274085045,recognition_fixation_onset_trigger
1771261173.797554255,recognition_fixation_offset_trigger
1771261173.826287985,recognition_image_onset_trigger
1771261174.849941969,recognition_image_offset_trigger
1771261176.848039865,participant_commit_trigger
1771261177.015465021,partner_rating_onset
1771261178.635136366,partner_slider_settled_trigger
1771261179.638439417,partner_rating_complete
1771261180.326426029,switch_stay_trigger
1771261181.574156284,switch_stay_response_trigger
1771261181.685323000,outcome_trigger
1771261183.781687498,recognition_fixation_onset_trigger
1771261184.533113003,recognition_fixation_offset_trigger
1771261184.679441214,recognition_fixation_onset_trigger
1771261185.203488111,recognition_fixation_offset_trigger
1771261185.234616041,recognition_image_onset_trigger
1771261186.258216381,recognition_image_offset_trigger
1771261187.802229404,participant_commit_trigger
1771261187.909797192,partner_rating_onset
1771261189.904562473,partner_slider_settled_trigger
1771261190.997493029,partner_rating_complete
1771261191.682224035,switch_stay_trigger
1771261192.608661652,switch_stay_response_trigger
1771261192.717882633,outcome_trigger
1771261194.804237843,recognition_fixation_onset_trigger
1771261195.159537315,recognition_fixation_offset_trigger
1771261195.266143799,recognition_fixation_onset_trigger
1771261195.790071726,recognition_fixation_offset_trigger
1771261195.819691181,recognition_image_onset_trigger
1771261196.840767384,recognition_image_offset_trigger
1771261196.989492178,partner_rating_onset
1771261199.143208027,partner_slider_settled_trigger
1771261200.225686789,partner_rating_complete
1771261201.608349323,participant_commit_trigger
1771261201.833135605,switch_stay_trigger
1771261202.076231003,switch_stay_response_trigger
1771261202.149659395,outcome_trigger
1771261204.228301525,recognition_fixation_onset_trigger
1771261204.816048145,recognition_fixation_offset_trigger
1771261204.907202244,recognition_fixation_onset_trigger
1771261205.432186365,recognition_fixation_offset_trigger
1771261205.460566759,recognition_image_onset_trigger
1771261206.482336998,recognition_image_offset_trigger
1771261209.276412249,participant_commit_trigger
1771261209.430039406,partner_rating_onset
1771261210.994674921,partner_slider_settled_trigger
1771261212.000365496,partner_rating_complete
1771261212.690050125,switch_stay_trigger
1771261213.281284809,switch_stay_response_trigger
1771261213.337265968,outcome_trigger
1771261215.405463219,recognition_fixation_onset_trigger
1771261216.056408882,recognition_fixation_offset_trigger
1771261216.201303244,recognition_fixation_onset_trigger
1771261216.722662687,recognition_fixation_offset_trigger
1771261216.760104179,recognition_image_onset_trigger
1771261217.782492399,recognition_image_offset_trigger
1771261217.911457062,partner_rating_onset
1771261219.812163115,partner_slider_settled_trigger
1771261220.880266666,partner_rating_complete
1771261222.182802677,participant_commit_trigger
1771261222.359514475,switch_stay_trigger
1771261223.293962955,switch_stay_response_trigger
1771261223.361707926,outcome_trigger
1771261225.500937939,recognition_fixation_onset_trigger
1771261225.883857250,recognition_fixation_offset_trigger
1771261225.991700411,recognition_fixation_onset_trigger
1771261226.506804943,recognition_fixation_offset_trigger
1771261226.534075499,recognition_image_onset_trigger
1771261227.555045366,recognition_image_offset_trigger
1771261229.102661371,participant_commit_trigger
1771261229.213270426,partner_rating_onset
1771261230.270231247,partner_slider_settled_trigger
1771261231.264564991,partner_rating_complete
1771261231.949760437,switch_stay_trigger
1771261232.385805607,switch_stay_response_trigger
1771261232.510399580,outcome_trigger
1771261234.574112415,recognition_fixation_onset_trigger
1771261235.193403482,recognition_fixation_offset_trigger
1771261235.306574345,recognition_fixation_onset_trigger
1771261235.823449373,recognition_fixation_offset_trigger
1771261235.851160765,recognition_image_onset_trigger
1771261236.873015881,recognition_image_offset_trigger
1771261238.183358192,participant_commit_trigger
1771261238.300430059,partner_rating_onset
1771261239.837637663,partner_slider_settled_trigger
1771261240.810328245,partner_rating_complete
1771261241.488848209,switch_stay_trigger
1771261242.023842335,switch_stay_response_trigger
1771261242.163477421,outcome_trigger
1771261244.251324892,recognition_fixation_onset_trigger
1771261244.907865286,recognition_fixation_offset_trigger
1771261244.979219437,recognition_fixation_onset_trigger
1771261245.493738890,recognition_fixation_offset_trigger
1771261245.516856670,recognition_image_onset_trigger
1771261246.541054249,recognition_image_offset_trigger
1771261246.685371161,partner_rating_onset
1771261248.172778130,partner_slider_settled_trigger
1771261249.158421040,partner_rating_complete
1771261251.299811840,participant_commit_trigger
1771261251.483470440,switch_stay_trigger
1771261251.517465830,switch_stay_response_trigger
1771261251.581296682,outcome_trigger
1771261253.613795519,recognition_fixation_onset_trigger
1771261254.277944326,recognition_fixation_offset_trigger
1771261254.368620634,recognition_fixation_onset_trigger
1771261254.880404472,recognition_fixation_offset_trigger
1771261254.909697056,recognition_image_onset_trigger
1771261255.933808327,recognition_image_offset_trigger
1771261256.090180397,partner_rating_onset
1771261257.258514881,partner_slider_settled_trigger
1771261258.243832588,partner_rating_complete
1771261260.224986553,participant_commit_trigger
1771261260.364911795,switch_stay_trigger
1771261260.997745037,switch_stay_response_trigger
1771261261.103878736,outcome_trigger
1771261263.275956154,block_summary_onset
1771261265.024783373,block_summary_continue
1771261265.410117149,instruction_onset
1771261266.282489061,instruction_continue
1771261266.660274267,instruction_onset
1771261267.503018856,instruction_continue
1771261267.758468390,study_fixation_onset_trigger
1771261268.487350225,study_fixation_offset_trigger
1771261268.579352140,study_image_onset_trigger
1771261269.592463970,study_image_offset_trigger
1771261269.615572214,study_fixation_onset_trigger
1771261270.373728037,study_fixation_offset_trigger
1771261270.460914850,study_image_onset_trigger
1771261271.476795912,study_image_offset_trigger
1771261271.502387524,study_fixation_onset_trigger
1771261271.818055630,study_fixation_offset_trigger
1771261271.886697054,study_image_onset_trigger
1771261272.911192417,study_image_offset_trigger
1771261272.948795795,study_fixation_onset_trigger
1771261273.495354652,study_fixation_offset_trigger
1771261273.689355612,study_image_onset_trigger
1771261274.712324619,study_image_offset_trigger
1771261274.748879194,study_fixation_onset_trigger
1771261275.155496359,study_fixation_offset_trigger
1771261275.211344957,study_image_onset_trigger
1771261276.223258257,study_image_offset_trigger
1771261276.257426023,study_fixation_onset_trigger
1771261276.918784857,study_fixation_offset_trigger
1771261277.180592299,study_image_onset_trigger
1771261278.209473848,study_image_offset_trigger
1771261278.240274191,study_fixation_onset_trigger
1771261278.840123653,study_fixation_offset_trigger
1771261278.886754274,study_image_onset_trigger
1771261279.907077789,study_image_offset_trigger
1771261279.937307119,study_fixation_onset_trigger
1771261280.419984341,study_fixation_offset_trigger
1771261280.471337557,study_image_onset_trigger
1771261281.488529205,study_image_offset_trigger
1771261281.516344547,study_fixation_onset_trigger
1771261282.236826181,study_fixation_offset_trigger
1771261282.298259258,study_image_onset_trigger
1771261283.312394142,study_image_offset_trigger
1771261283.350617170,study_fixation_onset_trigger
1771261283.675283194,study_fixation_offset_trigger
1771261283.769437075,study_image_onset_trigger
1771261284.789914370,study_image_offset_trigger
1771261284.819168329,study_fixation_onset_trigger
1771261285.840033293,study_fixation_offset_trigger
1771261286.081599951,instruction_onset
1771261287.155804873,instruction_continue
1771261287.964085102,recognition_fixation_onset_trigger
1771261288.486593485,recognition_fixation_offset_trigger
1771261288.526211739,recognition_image_onset_trigger
1771261289.548628569,recognition_image_offset_trigger
1771261289.682828903,partner_rating_onset
1771261291.561476469,partner_slider_settled_trigger
1771261292.571701527,partner_rating_complete
1771261294.553306103,participant_commit_trigger
1771261294.753942013,switch_stay_trigger
1771261295.210353136,switch_stay_response_trigger
1771261295.325410604,outcome_trigger
1771261297.463805199,recognition_fixation_onset_trigger
1771261298.084998846,recognition_fixation_offset_trigger
1771261298.200352669,recognition_fixation_onset_trigger
1771261298.722910643,recognition_fixation_offset_trigger
1771261298.752303600,recognition_image_onset_trigger
1771261299.774393559,recognition_image_offset_trigger
1771261301.592297077,participant_commit_trigger
1771261301.758402824,partner_rating_onset
1771261303.118076086,partner_slider_settled_trigger
1771261304.104511738,partner_rating_complete
1771261304.758629799,switch_stay_trigger
1771261305.313912392,switch_stay_response_trigger
1771261305.398694515,outcome_trigger
1771261307.472943306,recognition_fixation_onset_trigger
1771261308.108466864,recognition_fixation_offset_trigger
1771261308.220185041,recognition_fixation_onset_trigger
1771261308.742402315,recognition_fixation_offset_trigger
1771261308.774934530,recognition_image_onset_trigger
1771261309.796414375,recognition_image_offset_trigger
1771261312.069088459,participant_commit_trigger
1771261312.175729513,partner_rating_onset
1771261313.710742712,partner_slider_settled_trigger
1771261314.711822510,partner_rating_complete
1771261315.403905869,switch_stay_trigger
1771261315.921719790,switch_stay_response_trigger
1771261316.019858122,outcome_trigger
1771261318.097784519,recognition_fixation_onset_trigger
1771261318.731853008,recognition_fixation_offset_trigger
1771261318.787869453,recognition_fixation_onset_trigger
1771261319.298885107,recognition_fixation_offset_trigger
1771261319.326465130,recognition_image_onset_trigger
1771261320.345055342,recognition_image_offset_trigger
1771261322.134012699,participant_commit_trigger
1771261322.319319010,partner_rating_onset
1771261323.897154570,partner_slider_settled_trigger
1771261324.891595840,partner_rating_complete
1771261325.583341599,switch_stay_trigger
1771261326.069483995,switch_stay_response_trigger
1771261326.136828661,outcome_trigger
1771261328.200788498,recognition_fixation_onset_trigger
1771261328.779870033,recognition_fixation_offset_trigger
1771261328.975040913,recognition_fixation_onset_trigger
1771261329.498133898,recognition_fixation_offset_trigger
1771261329.532128096,recognition_image_onset_trigger
1771261330.548825502,recognition_image_offset_trigger
1771261332.272924423,participant_commit_trigger
1771261332.390551805,partner_rating_onset
1771261333.596058130,partner_slider_settled_trigger
1771261334.586758614,partner_rating_complete
1771261335.286934614,switch_stay_trigger
1771261335.846802950,switch_stay_response_trigger
1771261335.939962864,outcome_trigger
1771261338.011760473,recognition_fixation_onset_trigger
1771261338.487682343,recognition_fixation_offset_trigger
1771261338.597018003,recognition_fixation_onset_trigger
1771261339.113784313,recognition_fixation_offset_trigger
1771261339.141787052,recognition_image_onset_trigger
1771261340.165668964,recognition_image_offset_trigger
1771261340.295979500,partner_rating_onset
1771261342.435927868,partner_slider_settled_trigger
1771261343.540179253,partner_rating_complete
1771261345.308983088,participant_commit_trigger
1771261345.542053699,switch_stay_trigger
1771261345.768760920,switch_stay_response_trigger
1771261345.836898327,outcome_trigger
1771261347.904163837,recognition_fixation_onset_trigger
1771261348.275625944,recognition_fixation_offset_trigger
1771261348.358929873,recognition_fixation_onset_trigger
1771261348.871622324,recognition_fixation_offset_trigger
1771261348.902925253,recognition_image_onset_trigger
1771261349.924512863,recognition_image_offset_trigger
1771261350.058025122,partner_rating_onset
1771261351.471028328,partner_slider_settled_trigger
1771261352.568451166,partner_rating_complete
1771261354.259976625,participant_commit_trigger
1771261354.480215549,switch_stay_trigger
1771261354.983829021,switch_stay_response_trigger
1771261355.087770700,outcome_trigger
1771261357.163369417,recognition_fixation_onset_trigger
1771261357.642017841,recognition_fixation_offset_trigger
1771261357.710053444,recognition_fixation_onset_trigger
1771261358.228513718,recognition_fixation_offset_trigger
1771261358.260964394,recognition_image_onset_trigger
1771261359.282182455,recognition_image_offset_trigger
1771261366.333224773,participant_commit_trigger
1771261366.428061247,partner_rating_onset
1771261367.697251797,partner_slider_settled_trigger
1771261368.699479818,partner_rating_complete
1771261369.395992279,switch_stay_trigger
1771261369.885053635,switch_stay_response_trigger
1771261370.002970219,outcome_trigger
1771261372.087646961,recognition_fixation_onset_trigger
1771261372.702431440,recognition_fixation_offset_trigger
1771261372.860903502,recognition_fixation_onset_trigger
1771261373.384028435,recognition_fixation_offset_trigger
1771261373.415055513,recognition_image_onset_trigger
1771261374.434406042,recognition_image_offset_trigger
1771261374.557956696,partner_rating_onset
1771261375.971975327,partner_slider_settled_trigger
1771261376.956688166,partner_rating_complete
1771261378.769035816,participant_commit_trigger
1771261378.916974783,switch_stay_trigger
1771261379.497430801,switch_stay_response_trigger
1771261379.612976313,outcome_trigger
1771261381.689877033,recognition_fixation_onset_trigger
1771261382.353608131,recognition_fixation_offset_trigger
1771261382.464328051,recognition_fixation_onset_trigger
1771261382.974939108,recognition_fixation_offset_trigger
1771261383.001577139,recognition_image_onset_trigger
1771261384.021920681,recognition_image_offset_trigger
1771261384.158972979,partner_rating_onset
1771261385.527149677,partner_slider_settled_trigger
1771261386.492543459,partner_rating_complete
1771261388.107781172,participant_commit_trigger
1771261388.256006479,switch_stay_trigger
1771261388.814579248,switch_stay_response_trigger
1771261388.949923277,outcome_trigger
1771261391.097433329,block_summary_onset
1771261392.474669933,block_summary_continue
1771261392.839319229,instruction_onset
1771261393.731773615,instruction_continue
1771261394.122218132,instruction_onset
1771261395.403663635,instruction_continue
1771261395.687235832,instruction_onset
1771261396.557645798,instruction_continue
1771261396.819907665,study_fixation_onset_trigger
1771261397.303611279,study_fixation_offset_trigger
1771261397.369807959,study_image_onset_trigger
1771261398.391131639,study_image_offset_trigger
1771261398.421729565,study_fixation_onset_trigger
1771261398.960331917,study_fixation_offset_trigger
1771261399.066359997,study_image_onset_trigger
1771261400.089492798,study_image_offset_trigger
1771261400.118567467,study_fixation_onset_trigger
1771261400.570957422,study_fixation_offset_trigger
1771261400.616256952,study_image_onset_trigger
1771261401.641783714,study_image_offset_trigger
1771261401.670435190,study_fixation_onset_trigger
1771261401.983750343,study_fixation_offset_trigger
1771261402.038714886,study_image_onset_trigger
1771261403.057783127,study_image_offset_trigger
1771261403.087292433,study_fixation_onset_trigger
1771261403.567437410,study_fixation_offset_trigger
1771261403.611300468,study_image_onset_trigger
1771261404.623445749,study_image_offset_trigger
1771261404.653341293,study_fixation_onset_trigger
1771261405.305620432,study_fixation_offset_trigger
1771261405.519764185,study_image_onset_trigger
1771261406.546005249,study_image_offset_trigger
1771261406.582934618,study_fixation_onset_trigger
1771261406.926590681,study_fixation_offset_trigger
1771261407.002089500,study_image_onset_trigger
1771261408.022821903,study_image_offset_trigger
1771261408.052074909,study_fixation_onset_trigger
1771261408.483353853,study_fixation_offset_trigger
1771261408.557176113,study_image_onset_trigger
1771261409.574738264,study_image_offset_trigger
1771261409.601059437,study_fixation_onset_trigger
1771261410.268060684,study_fixation_offset_trigger
1771261410.403209925,study_image_onset_trigger
1771261411.425455332,study_image_offset_trigger
1771261411.454258680,study_fixation_onset_trigger
1771261411.995430470,study_fixation_offset_trigger
1771261412.056326866,study_image_onset_trigger
1771261413.074771166,study_image_offset_trigger
1771261413.102938414,study_fixation_onset_trigger
1771261414.123096228,study_fixation_offset_trigger
1771261414.259177446,instruction_onset
1771261415.734735012,instruction_continue
1771261416.519333601,recognition_fixation_onset_trigger
1771261417.040198565,recognition_fixation_offset_trigger
1771261417.068358421,recognition_image_onset_trigger
1771261418.091847420,recognition_image_offset_trigger
1771261418.218154430,partner_rating_onset
1771261420.427058697,partner_slider_settled_trigger
1771261421.625168324,partner_rating_complete
1771261423.619624615,participant_commit_trigger
1771261423.808303118,switch_stay_trigger
1771261424.404200792,switch_stay_response_trigger
1771261424.467790127,outcome_trigger
1771261426.536407232,recognition_fixation_onset_trigger
1771261427.283097744,recognition_fixation_offset_trigger
1771261427.402944088,recognition_fixation_onset_trigger
1771261427.923570871,recognition_fixation_offset_trigger
1771261427.958452463,recognition_image_onset_trigger
1771261428.984793425,recognition_image_offset_trigger
1771261431.716766119,participant_commit_trigger
1771261431.842868328,partner_rating_onset
1771261433.940133333,partner_slider_settled_trigger
1771261435.103445530,partner_rating_complete
1771261435.795214653,switch_stay_trigger
1771261436.243084192,switch_stay_response_trigger
1771261436.348015547,outcome_trigger
1771261438.428898573,recognition_fixation_onset_trigger
1771261438.891572237,recognition_fixation_offset_trigger
1771261438.953572035,recognition_fixation_onset_trigger
1771261439.471480608,recognition_fixation_offset_trigger
1771261439.500108242,recognition_image_onset_trigger
1771261440.520106554,recognition_image_offset_trigger
1771261442.959921360,participant_commit_trigger
1771261443.086556673,partner_rating_onset
1771261444.570355654,partner_slider_settled_trigger
1771261445.559244871,partner_rating_complete
1771261446.234799862,switch_stay_trigger
1771261446.708915710,switch_stay_response_trigger
1771261446.805829287,outcome_trigger
1771261448.850786448,recognition_fixation_onset_trigger
1771261449.155029774,recognition_fixation_offset_trigger
1771261449.258330107,recognition_fixation_onset_trigger
1771261449.770002365,recognition_fixation_offset_trigger
1771261449.801120520,recognition_image_onset_trigger
1771261450.824420214,recognition_image_offset_trigger
1771261450.938026428,partner_rating_onset
1771261451.982026815,partner_slider_settled_trigger
1771261452.962739468,partner_rating_complete
1771261454.833022118,participant_commit_trigger
1771261455.035410881,switch_stay_trigger
1771261456.168474436,switch_stay_response_trigger
1771261456.297378540,outcome_trigger
1771261458.353964567,recognition_fixation_onset_trigger
1771261458.647117853,recognition_fixation_offset_trigger
1771261458.714786768,recognition_fixation_onset_trigger
1771261459.232126951,recognition_fixation_offset_trigger
1771261459.259373903,recognition_image_onset_trigger
1771261460.282874584,recognition_image_offset_trigger
1771261460.389053583,partner_rating_onset
1771261461.510960817,partner_slider_settled_trigger
1771261462.508186102,partner_rating_complete
1771261468.073186398,participant_commit_trigger
1771261468.251101017,switch_stay_trigger
1771261468.796782255,switch_stay_response_trigger
1771261468.912540913,outcome_trigger
1771261471.015362501,recognition_fixation_onset_trigger
1771261471.622536421,recognition_fixation_offset_trigger
1771261471.845271111,recognition_fixation_onset_trigger
1771261472.367580891,recognition_fixation_offset_trigger
1771261472.401483774,recognition_image_onset_trigger
1771261473.423515081,recognition_image_offset_trigger
1771261476.044899940,participant_commit_trigger
1771261476.166312695,partner_rating_onset
1771261477.248185158,partner_slider_settled_trigger
1771261478.209255219,partner_rating_complete
1771261478.903996706,switch_stay_trigger
1771261479.414516926,switch_stay_response_trigger
1771261479.538611174,outcome_trigger
1771261481.612205505,recognition_fixation_onset_trigger
1771261482.375923634,recognition_fixation_offset_trigger
1771261482.487365723,recognition_fixation_onset_trigger
1771261483.001313448,recognition_fixation_offset_trigger
1771261483.028023720,recognition_image_onset_trigger
1771261484.054432631,recognition_image_offset_trigger
1771261485.407427549,participant_commit_trigger
1771261485.605868578,partner_rating_onset
1771261487.423415661,partner_slider_settled_trigger
1771261488.447918892,partner_rating_complete
1771261489.131158113,switch_stay_trigger
1771261489.810932159,switch_stay_response_trigger
1771261489.897245407,outcome_trigger
1771261491.968639374,recognition_fixation_onset_trigger
1771261492.489254951,recognition_fixation_offset_trigger
1771261492.591340303,recognition_fixation_onset_trigger
1771261493.114965916,recognition_fixation_offset_trigger
1771261493.143172026,recognition_image_onset_trigger
1771261494.165862799,recognition_image_offset_trigger
1771261494.307309389,partner_rating_onset
1771261495.616613626,partner_slider_settled_trigger
1771261496.626321316,partner_rating_complete
1771261498.364093781,participant_commit_trigger
1771261498.564950943,switch_stay_trigger
1771261499.042204618,switch_stay_response_trigger
1771261499.142357349,outcome_trigger
1771261501.225862980,recognition_fixation_onset_trigger
1771261501.551343441,recognition_fixation_offset_trigger
1771261501.648961782,recognition_fixation_onset_trigger
1771261502.173199177,recognition_fixation_offset_trigger
1771261502.200258493,recognition_image_onset_trigger
1771261503.220314980,recognition_image_offset_trigger
1771261505.767869711,participant_commit_trigger
1771261505.917135954,partner_rating_onset
1771261507.234361649,partner_slider_settled_trigger
1771261508.203114033,partner_rating_complete
1771261508.895443201,switch_stay_trigger
1771261509.762710810,switch_stay_response_trigger
1771261509.868551970,outcome_trigger
1771261511.946642399,recognition_fixation_onset_trigger
1771261512.412056923,recognition_fixation_offset_trigger
1771261512.509351015,recognition_fixation_onset_trigger
1771261513.029987812,recognition_fixation_offset_trigger
1771261513.058896065,recognition_image_onset_trigger
1771261514.083489180,recognition_image_offset_trigger
1771261514.212160587,partner_rating_onset
1771261515.341371059,partner_slider_settled_trigger
1771261516.332638741,partner_rating_complete
1771261517.983487129,participant_commit_trigger
1771261518.223489046,switch_stay_trigger
1771261518.877764702,switch_stay_response_trigger
1771261519.000479937,outcome_trigger
1771261521.204542160,block_summary_onset
1771261522.914746284,block_summary_continue
1771261523.250612974,instruction_onset
1771261524.341885805,instruction_continue
1771261524.711951733,instruction_onset
1771261525.382775545,instruction_continue
1771261525.649714470,study_fixation_onset_trigger
1771261526.333106279,study_fixation_offset_trigger
1771261526.398308039,study_image_onset_trigger
1771261527.414771318,study_image_offset_trigger
1771261527.443415403,study_fixation_onset_trigger
1771261527.974134207,study_fixation_offset_trigger
1771261528.139815092,study_image_onset_trigger
1771261529.164265156,study_image_offset_trigger
1771261529.192978621,study_fixation_onset_trigger
1771261529.502740622,study_fixation_offset_trigger
1771261529.557278872,study_image_onset_trigger
1771261530.582608461,study_image_offset_trigger
1771261530.615126371,study_fixation_onset_trigger
1771261531.375486374,study_fixation_offset_trigger
1771261531.494201183,study_image_onset_trigger
1771261532.517189741,study_image_offset_trigger
1771261532.548974037,study_fixation_onset_trigger
1771261533.271819830,study_fixation_offset_trigger
1771261533.333857059,study_image_onset_trigger
1771261534.347866774,study_image_offset_trigger
1771261534.390721560,study_fixation_onset_trigger
1771261535.083580971,study_fixation_offset_trigger
1771261535.218867779,study_image_onset_trigger
1771261536.242496967,study_image_offset_trigger
1771261536.274063587,study_fixation_onset_trigger
1771261536.710731506,study_fixation_offset_trigger
1771261536.758194685,study_image_onset_trigger
1771261537.778476715,study_image_offset_trigger
1771261537.807874918,study_fixation_onset_trigger
1771261538.473495245,study_fixation_offset_trigger
1771261538.531683922,study_image_onset_trigger
1771261539.549540758,study_image_offset_trigger
1771261539.577865124,study_fixation_onset_trigger
1771261540.169579029,study_fixation_offset_trigger
1771261540.441725969,study_image_onset_trigger
1771261541.468633413,study_image_offset_trigger
1771261541.497891426,study_fixation_onset_trigger
1771261541.834231377,study_fixation_offset_trigger
1771261541.895042896,study_image_onset_trigger
1771261542.914874554,study_image_offset_trigger
1771261542.943227291,study_fixation_onset_trigger
1771261543.964861155,study_fixation_offset_trigger
1771261544.125321388,instruction_onset
1771261545.343210936,instruction_continue
1771261546.192866087,recognition_fixation_onset_trigger
1771261546.718604803,recognition_fixation_offset_trigger
1771261546.754042625,recognition_image_onset_trigger
1771261547.775036335,recognition_image_offset_trigger
1771261547.886413097,partner_rating_onset
1771261548.977201700,partner_slider_settled_trigger
1771261549.972049475,partner_rating_complete
1771261553.766035557,participant_commit_trigger
1771261553.924893618,switch_stay_trigger
1771261554.796635628,switch_stay_response_trigger
1771261554.905528545,outcome_trigger
1771261556.998819828,recognition_fixation_onset_trigger
1771261557.330840588,recognition_fixation_offset_trigger
1771261557.434179306,recognition_fixation_onset_trigger
1771261557.967980623,recognition_fixation_offset_trigger
1771261557.997122049,recognition_image_onset_trigger
1771261559.014898062,recognition_image_offset_trigger
1771261559.157306194,partner_rating_onset
1771261560.301368713,partner_slider_settled_trigger
1771261561.246196032,partner_rating_complete
1771261563.883119106,participant_commit_trigger
1771261564.105707169,switch_stay_trigger
1771261564.552834988,switch_stay_response_trigger
1771261564.615825415,outcome_trigger
1771261566.701538324,recognition_fixation_onset_trigger
1771261566.995854378,recognition_fixation_offset_trigger
1771261567.044707060,recognition_fixation_onset_trigger
1771261567.563710928,recognition_fixation_offset_trigger
1771261567.591708183,recognition_image_onset_trigger
1771261568.615809441,recognition_image_offset_trigger
1771261571.269916534,participant_commit_trigger
1771261571.386556864,partner_rating_onset
1771261572.692706585,partner_slider_settled_trigger
1771261573.669415474,partner_rating_complete
1771261574.355781794,switch_stay_trigger
1771261574.759017229,switch_stay_response_trigger
1771261574.849104643,outcome_trigger
1771261576.940315723,recognition_fixation_onset_trigger
1771261577.667267561,recognition_fixation_offset_trigger
1771261577.727014303,recognition_fixation_onset_trigger
1771261578.239937544,recognition_fixation_offset_trigger
1771261578.267021894,recognition_image_onset_trigger
1771261579.290307999,recognition_image_offset_trigger
1771261580.860286713,participant_commit_trigger
1771261580.970296383,partner_rating_onset
1771261582.673327446,partner_slider_settled_trigger
1771261583.684171200,partner_rating_complete
1771261584.369646072,switch_stay_trigger
1771261585.183832407,switch_stay_response_trigger
1771261585.309823275,outcome_trigger
1771261587.383515596,recognition_fixation_onset_trigger
1771261588.045842886,recognition_fixation_offset_trigger
1771261588.141852379,recognition_fixation_onset_trigger
1771261588.664717197,recognition_fixation_offset_trigger
1771261588.691987038,recognition_image_onset_trigger
1771261589.717010736,recognition_image_offset_trigger
1771261589.849073410,partner_rating_onset
1771261591.201108456,partner_slider_settled_trigger
1771261592.198887348,partner_rating_complete
1771261593.794396162,participant_commit_trigger
1771261593.972234726,switch_stay_trigger
1771261594.490637541,switch_stay_response_trigger
1771261594.604439259,outcome_trigger
1771261596.682424307,recognition_fixation_onset_trigger
1771261597.005113602,recognition_fixation_offset_trigger
1771261597.256726503,recognition_fixation_onset_trigger
1771261597.777097464,recognition_fixation_offset_trigger
1771261597.811253309,recognition_image_onset_trigger
1771261598.824417830,recognition_image_offset_trigger
1771261598.971796513,partner_rating_onset
1771261600.219914675,partner_slider_settled_trigger
1771261601.221096992,partner_rating_complete
1771261603.495820284,participant_commit_trigger
1771261603.658265114,switch_stay_trigger
1771261604.136160851,switch_stay_response_trigger
1771261604.280917406,outcome_trigger
1771261606.353599548,recognition_fixation_onset_trigger
1771261606.950457573,recognition_fixation_offset_trigger
1771261607.069560289,recognition_fixation_onset_trigger
1771261607.576197386,recognition_fixation_offset_trigger
1771261607.608340263,recognition_image_onset_trigger
1771261608.632082701,recognition_image_offset_trigger
1771261611.100544453,participant_commit_trigger
1771261611.264743567,partner_rating_onset
1771261612.629907370,partner_slider_settled_trigger
1771261613.624678850,partner_rating_complete
1771261614.314419270,switch_stay_trigger
1771261614.850077391,switch_stay_response_trigger
1771261614.950255632,outcome_trigger
1771261617.006560326,recognition_fixation_onset_trigger
1771261617.752682447,recognition_fixation_offset_trigger
1771261617.880151272,recognition_fixation_onset_trigger
1771261618.401551962,recognition_fixation_offset_trigger
1771261618.426026583,recognition_image_onset_trigger
1771261619.449096680,recognition_image_offset_trigger
1771261621.792056322,participant_commit_trigger
1771261621.978483200,partner_rating_onset
1771261623.415058613,partner_slider_settled_trigger
1771261624.410932302,partner_rating_complete
1771261625.099478483,switch_stay_trigger
1771261626.008793354,switch_stay_response_trigger
1771261626.165368080,outcome_trigger
1771261628.210723400,recognition_fixation_onset_trigger
1771261628.643076181,recognition_fixation_offset_trigger
1771261628.705920458,recognition_fixation_onset_trigger
1771261629.228572845,recognition_fixation_offset_trigger
1771261629.258334637,recognition_image_onset_trigger
1771261630.282060623,recognition_image_offset_trigger
1771261634.785013914,participant_commit_trigger
1771261634.887537003,partner_rating_onset
1771261637.229626179,partner_slider_settled_trigger
1771261638.429924011,partner_rating_complete
1771261639.093745232,switch_stay_trigger
1771261640.127158165,switch_stay_response_trigger
1771261640.249137640,outcome_trigger
1771261642.322139740,recognition_fixation_onset_trigger
1771261642.946336508,recognition_fixation_offset_trigger
1771261643.009581327,recognition_fixation_onset_trigger
1771261643.531196356,recognition_fixation_offset_trigger
1771261643.558986664,recognition_image_onset_trigger
1771261644.580648661,recognition_image_offset_trigger
1771261644.698571205,partner_rating_onset
1771261646.108232260,partner_slider_settled_trigger
1771261647.104758978,partner_rating_complete
1771261650.983289003,participant_commit_trigger
1771261651.185594320,switch_stay_trigger
1771261652.210470438,switch_stay_response_trigger
1771261652.325750828,outcome_trigger
1771261654.475870132,block_summary_onset
1771261656.291419983,block_summary_continue
1771261656.689065218,instruction_onset
1771261658.502122402,instruction_continue
1771261658.896661997,instruction_onset
1771261660.534298182,instruction_continue
1771261660.844415665,instruction_onset
1771261662.354030371,instruction_continue
1771261662.610602140,study_fixation_onset_trigger
1771261663.147276402,study_fixation_offset_trigger
1771261663.214918852,study_image_onset_trigger
1771261664.227819443,study_image_offset_trigger
1771261664.257766247,study_fixation_onset_trigger
1771261664.614415884,study_fixation_offset_trigger
1771261664.643817663,study_image_onset_trigger
1771261665.665438175,study_image_offset_trigger
1771261665.693882704,study_fixation_onset_trigger
1771261666.342738152,study_fixation_offset_trigger
1771261666.392686844,study_image_onset_trigger
1771261667.414300442,study_image_offset_trigger
1771261667.440689325,study_fixation_onset_trigger
1771261667.744532108,study_fixation_offset_trigger
1771261667.782178402,study_image_onset_trigger
1771261668.797901869,study_image_offset_trigger
1771261668.827911615,study_fixation_onset_trigger
1771261669.255167484,study_fixation_offset_trigger
1771261669.317795038,study_image_onset_trigger
1771261670.332563877,study_image_offset_trigger
1771261670.360416174,study_fixation_onset_trigger
1771261670.796926975,study_fixation_offset_trigger
1771261670.974745035,study_image_onset_trigger
1771261671.998232365,study_image_offset_trigger
1771261672.023888588,study_fixation_onset_trigger
1771261672.456205845,study_fixation_offset_trigger
1771261672.517565012,study_image_onset_trigger
1771261673.531225204,study_image_offset_trigger
1771261673.569191933,study_fixation_onset_trigger
1771261674.050199747,study_fixation_offset_trigger
1771261674.117250919,study_image_onset_trigger
1771261675.131325006,study_image_offset_trigger
1771261675.157261372,study_fixation_onset_trigger
1771261675.836336374,study_fixation_offset_trigger
1771261675.887931347,study_image_onset_trigger
1771261676.899683237,study_image_offset_trigger
1771261676.928689480,study_fixation_onset_trigger
1771261677.292422771,study_fixation_offset_trigger
1771261677.351905107,study_image_onset_trigger
1771261678.363584042,study_image_offset_trigger
1771261678.391761780,study_fixation_onset_trigger
1771261679.414349318,study_fixation_offset_trigger
1771261679.593335152,instruction_onset
1771261682.242027998,instruction_continue
1771261683.084574699,recognition_fixation_onset_trigger
1771261683.606761932,recognition_fixation_offset_trigger
1771261683.635234833,recognition_image_onset_trigger
1771261684.656794310,recognition_image_offset_trigger
1771261687.636215925,participant_commit_trigger
1771261687.764420271,partner_rating_onset
1771261689.472047091,partner_slider_settled_trigger
1771261690.398083925,partner_rating_complete
1771261691.089311600,switch_stay_trigger
1771261691.720621109,switch_stay_response_trigger
1771261691.791512012,outcome_trigger
1771261693.867676497,recognition_fixation_onset_trigger
1771261694.472578764,recognition_fixation_offset_trigger
1771261694.540528059,recognition_fixation_onset_trigger
1771261695.065078497,recognition_fixation_offset_trigger
1771261695.092317581,recognition_image_onset_trigger
1771261696.116919279,recognition_image_offset_trigger
1771261699.072085619,participant_commit_trigger
1771261699.242889643,partner_rating_onset
1771261700.480107784,partner_slider_settled_trigger
1771261701.468265772,partner_rating_complete
1771261702.181385994,switch_stay_trigger
1771261702.816990614,switch_stay_response_trigger
1771261702.945684671,outcome_trigger
1771261705.097121477,recognition_fixation_onset_trigger
1771261705.603137016,recognition_fixation_offset_trigger
1771261705.648636341,recognition_fixation_onset_trigger
1771261706.169595480,recognition_fixation_offset_trigger
1771261706.200139523,recognition_image_onset_trigger
1771261707.223843336,recognition_image_offset_trigger
1771261707.348186731,partner_rating_onset
1771261708.731402159,partner_slider_settled_trigger
1771261709.745797873,partner_rating_complete
1771261711.445963383,participant_commit_trigger
1771261711.620312214,switch_stay_trigger
1771261712.091875315,switch_stay_response_trigger
1771261712.221332073,outcome_trigger
1771261714.300292492,recognition_fixation_onset_trigger
1771261714.667563677,recognition_fixation_offset_trigger
1771261714.734621286,recognition_fixation_onset_trigger
1771261715.247652054,recognition_fixation_offset_trigger
1771261715.277163506,recognition_image_onset_trigger
1771261716.300477982,recognition_image_offset_trigger
1771261717.951287508,participant_commit_trigger
1771261718.115662098,partner_rating_onset
1771261719.197071075,partner_slider_settled_trigger
1771261720.189777613,partner_rating_complete
1771261720.889029264,switch_stay_trigger
1771261721.456535816,switch_stay_response_trigger
1771261721.589830160,outcome_trigger
1771261723.668416739,recognition_fixation_onset_trigger
1771261724.361456156,recognition_fixation_offset_trigger
1771261724.415310144,recognition_fixation_onset_trigger
1771261724.931468248,recognition_fixation_offset_trigger
1771261724.958405018,recognition_image_onset_trigger
1771261725.982733965,recognition_image_offset_trigger
1771261726.109900236,partner_rating_onset
1771261727.199596882,partner_slider_settled_trigger
1771261728.168169737,partner_rating_complete
1771261730.036438704,participant_commit_trigger
1771261730.259267569,switch_stay_trigger
1771261730.675333738,switch_stay_response_trigger
1771261730.765207767,outcome_trigger
1771261732.834918499,recognition_fixation_onset_trigger
1771261733.529555082,recognition_fixation_offset_trigger
1771261733.632710457,recognition_fixation_onset_trigger
1771261734.147703886,recognition_fixation_offset_trigger
1771261734.176384687,recognition_image_onset_trigger
1771261735.201271057,recognition_image_offset_trigger
1771261735.310457945,partner_rating_onset
1771261736.909323692,partner_slider_settled_trigger
1771261737.911671400,partner_rating_complete
1771261739.726516247,participant_commit_trigger
1771261739.878268480,switch_stay_trigger
1771261740.408212662,switch_stay_response_trigger
1771261740.475318670,outcome_trigger
1771261742.547102690,recognition_fixation_onset_trigger
1771261743.124459982,recognition_fixation_offset_trigger
1771261743.171829939,recognition_fixation_onset_trigger
1771261743.684578896,recognition_fixation_offset_trigger
1771261743.710230589,recognition_image_onset_trigger
1771261744.729953289,recognition_image_offset_trigger
1771261744.852002859,partner_rating_onset
1771261745.991650820,partner_slider_settled_trigger
1771261746.993076801,partner_rating_complete
1771261749.166454077,participant_commit_trigger
1771261749.391126633,switch_stay_trigger
1771261749.802740574,switch_stay_response_trigger
1771261749.915860176,outcome_trigger
1771261751.990587473,recognition_fixation_onset_trigger
1771261752.466676474,recognition_fixation_offset_trigger
1771261752.574295759,recognition_fixation_onset_trigger
1771261753.093767405,recognition_fixation_offset_trigger
1771261753.124233007,recognition_image_onset_trigger
1771261754.143529654,recognition_image_offset_trigger
1771261754.222200155,partner_rating_onset
1771261755.257256269,partner_slider_settled_trigger
1771261756.226321459,partner_rating_complete
1771261758.625413895,participant_commit_trigger
1771261758.847571135,switch_stay_trigger
1771261759.333657742,switch_stay_response_trigger
1771261759.458829880,outcome_trigger
1771261761.546645403,recognition_fixation_onset_trigger
1771261762.134425879,recognition_fixation_offset_trigger
1771261762.248053312,recognition_fixation_onset_trigger
1771261762.771546602,recognition_fixation_offset_trigger
1771261762.800945520,recognition_image_onset_trigger
1771261763.824339390,recognition_image_offset_trigger
1771261765.691921949,participant_commit_trigger
1771261765.822383165,partner_rating_onset
1771261767.309640646,partner_slider_settled_trigger
1771261768.312832355,partner_rating_complete
1771261768.991571903,switch_stay_trigger
1771261769.465227842,switch_stay_response_trigger
1771261769.566234589,outcome_trigger
1771261771.647364378,recognition_fixation_onset_trigger
1771261772.355570078,recognition_fixation_offset_trigger
1771261772.487960577,recognition_fixation_onset_trigger
1771261773.006792784,recognition_fixation_offset_trigger
1771261773.042015076,recognition_image_onset_trigger
1771261774.066456795,recognition_image_offset_trigger
1771261775.250975370,participant_commit_trigger
1771261775.367457390,partner_rating_onset
1771261777.809203863,partner_slider_settled_trigger
1771261779.065642834,partner_rating_complete
1771261779.771574497,switch_stay_trigger
1771261780.467646122,switch_stay_response_trigger
1771261780.611196995,outcome_trigger
1771261782.747907877,block_summary_onset
1771261783.952104807,block_summary_continue
1771261784.285094500,instruction_onset
1771261785.126067400,instruction_continue
1771261785.493487835,instruction_onset
1771261786.570916414,instruction_continue
1771261786.824001789,study_fixation_onset_trigger
1771261787.601745844,study_fixation_offset_trigger
1771261787.653287411,study_image_onset_trigger
1771261788.674398661,study_image_offset_trigger
1771261788.703132391,study_fixation_onset_trigger
1771261789.270488262,study_fixation_offset_trigger
1771261789.342139721,study_image_onset_trigger
1771261790.357037306,study_image_offset_trigger
1771261790.384250164,study_fixation_onset_trigger
1771261791.000378370,study_fixation_offset_trigger
1771261791.061608791,study_image_onset_trigger
1771261792.074861765,study_image_offset_trigger
1771261792.106294870,study_fixation_onset_trigger
1771261792.387376308,study_fixation_offset_trigger
1771261792.462007284,study_image_onset_trigger
1771261793.473033667,study_image_offset_trigger
1771261793.502937555,study_fixation_onset_trigger
1771261793.842925072,study_fixation_offset_trigger
1771261794.211128473,study_image_onset_trigger
1771261795.234081745,study_image_offset_trigger
1771261795.266161442,study_fixation_onset_trigger
1771261795.874462128,study_fixation_offset_trigger
1771261795.942517757,study_image_onset_trigger
1771261796.957004309,study_image_offset_trigger
1771261796.984106779,study_fixation_onset_trigger
1771261797.602449894,study_fixation_offset_trigger
1771261797.671081305,study_image_onset_trigger
1771261798.691235304,study_image_offset_trigger
1771261798.719062328,study_fixation_onset_trigger
1771261799.055331945,study_fixation_offset_trigger
1771261799.104847670,study_image_onset_trigger
1771261800.119498968,study_image_offset_trigger
1771261800.149059057,study_fixation_onset_trigger
1771261800.597144365,study_fixation_offset_trigger
1771261800.702822447,study_image_onset_trigger
1771261801.722620964,study_image_offset_trigger
1771261801.751069784,study_fixation_onset_trigger
1771261802.099821806,study_fixation_offset_trigger
1771261802.280489922,study_image_onset_trigger
1771261803.305540085,study_image_offset_trigger
1771261803.331571102,study_fixation_onset_trigger
1771261804.354332447,study_fixation_offset_trigger
1771261804.481771469,instruction_onset
1771261806.289723635,instruction_continue
1771261807.098553658,recognition_fixation_onset_trigger
1771261807.623236179,recognition_fixation_offset_trigger
1771261807.659207106,recognition_image_onset_trigger
1771261808.682654381,recognition_image_offset_trigger
1771261812.242852688,participant_commit_trigger
1771261812.373099089,partner_rating_onset
1771261814.353525877,partner_slider_settled_trigger
1771261815.444000959,partner_rating_complete
1771261816.104364634,switch_stay_trigger
1771261816.527428865,switch_stay_response_trigger
1771261816.623397827,outcome_trigger
1771261818.719021320,recognition_fixation_onset_trigger
1771261819.026545525,recognition_fixation_offset_trigger
1771261819.094018459,recognition_fixation_onset_trigger
1771261819.614958763,recognition_fixation_offset_trigger
1771261819.642028332,recognition_image_onset_trigger
1771261820.675788641,recognition_image_offset_trigger
1771261822.260201931,participant_commit_trigger
1771261822.354182005,partner_rating_onset
1771261823.359912157,partner_slider_settled_trigger
1771261824.345091820,partner_rating_complete
1771261825.039118767,switch_stay_trigger
1771261825.967854500,switch_stay_response_trigger
1771261826.100463867,outcome_trigger
1771261828.174442530,recognition_fixation_onset_trigger
1771261828.571742535,recognition_fixation_offset_trigger
1771261828.666687012,recognition_fixation_onset_trigger
1771261829.181535482,recognition_fixation_offset_trigger
1771261829.208958149,recognition_image_onset_trigger
1771261830.231764078,recognition_image_offset_trigger
1771261830.380553246,partner_rating_onset
1771261831.566335201,partner_slider_settled_trigger
1771261832.589874506,partner_rating_complete
1771261834.367017269,participant_commit_trigger
1771261834.542010069,switch_stay_trigger
1771261835.024871111,switch_stay_response_trigger
1771261835.147980690,outcome_trigger
1771261837.226288080,recognition_fixation_onset_trigger
1771261837.528398514,recognition_fixation_offset_trigger
1771261837.645805597,recognition_fixation_onset_trigger
1771261838.163638830,recognition_fixation_offset_trigger
1771261838.192581177,recognition_image_onset_trigger
1771261839.217245579,recognition_image_offset_trigger
1771261840.857017517,participant_commit_trigger
1771261841.040114164,partner_rating_onset
1771261842.359948635,partner_slider_settled_trigger
1771261843.359330654,partner_rating_complete
1771261844.049127340,switch_stay_trigger
1771261844.591856718,switch_stay_response_trigger
1771261844.679332495,outcome_trigger
1771261846.758736372,recognition_fixation_onset_trigger
1771261847.393758774,recognition_fixation_offset_trigger
1771261847.455655336,recognition_fixation_onset_trigger
1771261847.973327160,recognition_fixation_offset_trigger
1771261848.000523567,recognition_image_onset_trigger
1771261849.023135662,recognition_image_offset_trigger
1771261849.146369934,partner_rating_onset
1771261850.376664639,partner_slider_settled_trigger
1771261851.379764795,partner_rating_complete
1771261853.016499758,participant_commit_trigger
1771261853.218968153,switch_stay_trigger
1771261853.680238247,switch_stay_response_trigger
1771261853.781523705,outcome_trigger
1771261855.873600721,recognition_fixation_onset_trigger
1771261856.272069693,recognition_fixation_offset_trigger
1771261856.381785870,recognition_fixation_onset_trigger
1771261856.898619652,recognition_fixation_offset_trigger
1771261856.925125122,recognition_image_onset_trigger
1771261857.948419571,recognition_image_offset_trigger
1771261858.066584110,partner_rating_onset
1771261859.439131498,partner_slider_settled_trigger
1771261860.392524242,partner_rating_complete
1771261862.386224985,participant_commit_trigger
1771261862.560971498,switch_stay_trigger
1771261863.217491627,switch_stay_response_trigger
1771261863.330220222,outcome_trigger
1771261865.404694557,recognition_fixation_onset_trigger
1771261865.751044512,recognition_fixation_offset_trigger
1771261865.886153698,recognition_fixation_onset_trigger
1771261866.406081200,recognition_fixation_offset_trigger
1771261866.433686972,recognition_image_onset_trigger
1771261867.455063820,recognition_image_offset_trigger
1771261868.834306717,participant_commit_trigger
1771261868.959513664,partner_rating_onset
1771261870.470982552,partner_slider_settled_trigger
1771261871.463090658,partner_rating_complete
1771261872.161566734,switch_stay_trigger
1771261872.593005896,switch_stay_response_trigger
1771261872.660668850,outcome_trigger
1771261874.729885340,recognition_fixation_onset_trigger
1771261875.028720140,recognition_fixation_offset_trigger
1771261875.139208794,recognition_fixation_onset_trigger
1771261875.664382458,recognition_fixation_offset_trigger
1771261875.693577766,recognition_image_onset_trigger
1771261876.714914322,recognition_image_offset_trigger
1771261878.998914719,participant_commit_trigger
1771261879.087702274,partner_rating_onset
1771261880.588948011,partner_slider_settled_trigger
1771261881.593759775,partner_rating_complete
1771261882.260593414,switch_stay_trigger
1771261883.237832308,switch_stay_response_trigger
1771261883.373046875,outcome_trigger
1771261885.447582245,recognition_fixation_onset_trigger
1771261885.948132515,recognition_fixation_offset_trigger
1771261886.052510023,recognition_fixation_onset_trigger
1771261886.570463181,recognition_fixation_offset_trigger
1771261886.599828482,recognition_image_onset_trigger
1771261887.623203039,recognition_image_offset_trigger
1771261887.778682709,partner_rating_onset
1771261889.745089293,partner_slider_settled_trigger
1771261890.794380188,partner_rating_complete
1771261892.701962233,participant_commit_trigger
1771261892.879755259,switch_stay_trigger
1771261893.416473627,switch_stay_response_trigger
1771261893.487267256,outcome_trigger
1771261895.540738821,recognition_fixation_onset_trigger
1771261895.979721308,recognition_fixation_offset_trigger
1771261896.341705799,recognition_fixation_onset_trigger
1771261896.865314007,recognition_fixation_offset_trigger
1771261896.911082506,recognition_image_onset_trigger
1771261897.932262897,recognition_image_offset_trigger
1771261898.053165674,partner_rating_onset
1771261899.262378931,partner_slider_settled_trigger
1771261900.229538918,partner_rating_complete
1771261901.884156227,participant_commit_trigger
1771261902.061751366,switch_stay_trigger
1771261902.692260504,switch_stay_response_trigger
1771261902.862169266,outcome_trigger
1771261905.015642166,block_summary_onset
1771261906.699331284,block_summary_continue
1771261907.041601896,instruction_onset
1771261909.739743233,instruction_continue
1771261910.117284775,instruction_onset
1771261910.925945520,instruction_continue
1771261911.185960770,study_fixation_onset_trigger
1771261911.601553679,study_fixation_offset_trigger
1771261911.695740938,study_image_onset_trigger
1771261912.707873344,study_image_offset_trigger
1771261912.734542131,study_fixation_onset_trigger
1771261913.029557467,study_fixation_offset_trigger
1771261913.088991404,study_image_onset_trigger
1771261914.105953217,study_image_offset_trigger
1771261914.132173300,study_fixation_onset_trigger
1771261914.627443790,study_fixation_offset_trigger
1771261914.689678192,study_image_onset_trigger
1771261915.707908630,study_image_offset_trigger
1771261915.738597393,study_fixation_onset_trigger
1771261916.329875708,study_fixation_offset_trigger
1771261916.406428337,study_image_onset_trigger
1771261917.424325943,study_image_offset_trigger
1771261917.452567816,study_fixation_onset_trigger
1771261917.826309204,study_fixation_offset_trigger
1771261917.859945774,study_image_onset_trigger
1771261918.872387171,study_image_offset_trigger
1771261918.901247978,study_fixation_onset_trigger
1771261919.463836670,study_fixation_offset_trigger
1771261919.582982540,study_image_onset_trigger
1771261920.603244305,study_image_offset_trigger
1771261920.632122993,study_fixation_onset_trigger
1771261921.200951338,study_fixation_offset_trigger
1771261921.283168077,study_image_onset_trigger
1771261922.307323933,study_image_offset_trigger
1771261922.336139441,study_fixation_onset_trigger
1771261922.829473257,study_fixation_offset_trigger
1771261922.879271746,study_image_onset_trigger
1771261923.892560720,study_image_offset_trigger
1771261923.919296026,study_fixation_onset_trigger
1771261924.592921019,study_fixation_offset_trigger
1771261924.656298637,study_image_onset_trigger
1771261925.674334764,study_image_offset_trigger
1771261925.702753305,study_fixation_onset_trigger
1771261926.465793610,study_fixation_offset_trigger
1771261926.539536476,study_image_onset_trigger
1771261927.556834459,study_image_offset_trigger
1771261927.582551241,study_fixation_onset_trigger
1771261928.606724977,study_fixation_offset_trigger
1771261928.759763002,instruction_onset
1771261932.532939672,instruction_continue
1771261933.334423065,recognition_fixation_onset_trigger
1771261933.857729435,recognition_fixation_offset_trigger
1771261933.887704611,recognition_image_onset_trigger
1771261934.908365726,recognition_image_offset_trigger
1771261942.045091867,participant_commit_trigger
1771261942.154476404,partner_rating_onset
1771261943.758497000,partner_slider_settled_trigger
1771261944.750323534,partner_rating_complete
1771261945.413230181,switch_stay_trigger
1771261945.946299314,switch_stay_response_trigger
1771261946.053000450,outcome_trigger
1771261948.136795998,recognition_fixation_onset_trigger
1771261948.572520733,recognition_fixation_offset_trigger
1771261948.686332464,recognition_fixation_onset_trigger
1771261949.203499556,recognition_fixation_offset_trigger
1771261949.232612133,recognition_image_onset_trigger
1771261950.257513523,recognition_image_offset_trigger
1771261951.455034256,participant_commit_trigger
1771261951.569741011,partner_rating_onset
1771261953.296573162,partner_slider_settled_trigger
1771261954.262415409,partner_rating_complete
1771261954.931213617,switch_stay_trigger
1771261955.450798988,switch_stay_response_trigger
1771261955.573156357,outcome_trigger
1771261957.659199715,recognition_fixation_onset_trigger
1771261958.299580336,recognition_fixation_offset_trigger
1771261958.392782688,recognition_fixation_onset_trigger
1771261958.914008379,recognition_fixation_offset_trigger
1771261958.942078114,recognition_image_onset_trigger
1771261959.967995405,recognition_image_offset_trigger
1771261960.072441339,partner_rating_onset
1771261961.595604420,partner_slider_settled_trigger
1771261962.611654758,partner_rating_complete
1771261964.158854485,participant_commit_trigger
1771261964.314643621,switch_stay_trigger
1771261964.716455460,switch_stay_response_trigger
1771261964.811220407,outcome_trigger
1771261966.912829876,recognition_fixation_onset_trigger
1771261967.344567299,recognition_fixation_offset_trigger
1771261967.467785358,recognition_fixation_onset_trigger
1771261967.992403269,recognition_fixation_offset_trigger
1771261968.024766207,recognition_image_onset_trigger
1771261969.044537544,recognition_image_offset_trigger
1771261969.125521898,partner_rating_onset
1771261970.299476385,partner_slider_settled_trigger
1771261971.278467417,partner_rating_complete
1771261972.655453444,participant_commit_trigger
1771261972.835580349,switch_stay_trigger
1771261973.277808905,switch_stay_response_trigger
1771261973.393124580,outcome_trigger
1771261975.458785772,recognition_fixation_onset_trigger
1771261975.939396143,recognition_fixation_offset_trigger
1771261975.990110159,recognition_fixation_onset_trigger
1771261976.503839493,recognition_fixation_offset_trigger
1771261976.532614708,recognition_image_onset_trigger
1771261977.558663607,recognition_image_offset_trigger
1771261977.674813986,partner_rating_onset
1771261979.154798031,partner_slider_settled_trigger
1771261980.140653372,partner_rating_complete
1771261981.620693207,participant_commit_trigger
1771261981.781276703,switch_stay_trigger
1771261982.216424465,switch_stay_response_trigger
1771261982.289940834,outcome_trigger
1771261984.356321335,recognition_fixation_onset_trigger
1771261984.717949152,recognition_fixation_offset_trigger
1771261984.824512482,recognition_fixation_onset_trigger
1771261985.348202467,recognition_fixation_offset_trigger
1771261985.376895666,recognition_image_onset_trigger
1771261986.398004532,recognition_image_offset_trigger
1771261986.507818222,partner_rating_onset
1771261988.238275528,partner_slider_settled_trigger
1771261989.180449247,partner_rating_complete
1771261990.594975233,participant_commit_trigger
1771261990.791563511,switch_stay_trigger
1771261991.286869049,switch_stay_response_trigger
1771261991.398874044,outcome_trigger
1771261993.505534887,recognition_fixation_onset_trigger
1771261993.906671762,recognition_fixation_offset_trigger
1771261994.025206089,recognition_fixation_onset_trigger
1771261994.551979542,recognition_fixation_offset_trigger
1771261994.573785067,recognition_image_onset_trigger
1771261995.599156380,recognition_image_offset_trigger
1771261995.735074282,partner_rating_onset
1771261996.992909670,partner_slider_settled_trigger
1771261997.977819681,partner_rating_complete
1771262000.035259962,participant_commit_trigger
1771262000.225764036,switch_stay_trigger
1771262000.973654747,switch_stay_response_trigger
1771262001.078769445,outcome_trigger
1771262003.126224995,recognition_fixation_onset_trigger
1771262003.794886112,recognition_fixation_offset_trigger
1771262003.826157331,recognition_fixation_onset_trigger
1771262004.347269535,recognition_fixation_offset_trigger
1771262004.376319408,recognition_image_onset_trigger
1771262005.400193930,recognition_image_offset_trigger
1771262007.399661779,participant_commit_trigger
1771262007.602467299,partner_rating_onset
1771262010.221148014,partner_slider_settled_trigger
1771262011.586130619,partner_rating_complete
1771262012.274124861,switch_stay_trigger
1771262012.907572746,switch_stay_response_trigger
1771262013.012640953,outcome_trigger
1771262015.080196142,recognition_fixation_onset_trigger
1771262015.797266722,recognition_fixation_offset_trigger
1771262015.893112421,recognition_fixation_onset_trigger
1771262016.405822754,recognition_fixation_offset_trigger
1771262016.434655666,recognition_image_onset_trigger
1771262017.458455086,recognition_image_offset_trigger
1771262019.555658102,participant_commit_trigger
1771262019.695154428,partner_rating_onset
1771262020.774599075,partner_slider_settled_trigger
1771262021.759245157,partner_rating_complete
1771262022.431893110,switch_stay_trigger
1771262023.153148174,switch_stay_response_trigger
1771262023.280707359,outcome_trigger
1771262025.354691744,recognition_fixation_onset_trigger
1771262026.072156668,recognition_fixation_offset_trigger
1771262026.186822176,recognition_fixation_onset_trigger
1771262026.713796139,recognition_fixation_offset_trigger
1771262026.750789642,recognition_image_onset_trigger
1771262027.774041176,recognition_image_offset_trigger
1771262030.929494858,participant_commit_trigger
1771262031.038886070,partner_rating_onset
1771262032.455892801,partner_slider_settled_trigger
1771262033.471617460,partner_rating_complete
1771262034.156651258,switch_stay_trigger
1771262034.647750854,switch_stay_response_trigger
1771262034.753119946,outcome_trigger
1771262036.880530119,block_summary_onset
1771262038.251721144,block_summary_continue
1771262038.548342228,instruction_onset
1771262043.193274021,instruction_continue
1771262043.536187410,instruction_onset
1771262046.286171436,instruction_continue
1771262046.703458071,instruction_onset
1771262048.055820704,instruction_continue
